{
  "name": "Oposiciones-ML-DevContainer",
  "dockerComposeFile": ["docker-compose.yml"],
  "service": "app",
  "workspaceFolder": "/workspace",
  "shutdownAction": "stopCompose",

  "initializeCommand": "python .devcontainer/scripts/prepare-workspace.py",

  "onCreateCommand": [
    "bash",
    "-c",
    "mkdir -p /workspace/src/main/java /workspace/src/test/java"
  ],

  "customizations": {
    "vscode": {
      "settings": {
        "terminal.integrated.shell.linux": "/bin/bash",
        "maven.executable.path": "/workspace/mvnw",
        // Path to the Python interpreter in the virtual environment.
        "python.defaultInterpreterPath": "${containerEnv:HOME}/.venv/bin/python"
      },
      "extensions": [
        "redhat.java",
        "vscjava.vscode-java-pack",
        "vscjava.vscode-spring-boot",
        "vscjava.vscode-maven",
        "ms-python.python",
        "ms-toolsai.jupyter",
        "cweijan.vscode-database-client",
        "formulahendry.vscode-mysql",
        "eamodio.gitlens",
        "esbenp.prettier-vscode",
        "dbaeumer.vscode-eslint",
        "ms-azuretools.vscode-docker",
        "mechatroner.rainbow-csv"
      ]
    }
  },

  "forwardPorts": [3306, 8080, 3000, 8888],

  "postCreateCommand": [
    "bash",
    "-c",
    "sudo chown -R ubuntu:ubuntu . ~/.{m2,npm,venv} && /scripts/init-python-env.sh && /scripts/init-db.sh && /scripts/sync-java-files.sh && echo \"✔ Entorno inicializado\""
  ],

  "mounts": [
    "source=pbl4-m2-cache,target=/home/ubuntu/.m2,type=volume",
    "source=pbl4-npm-cache,target=/home/ubuntu/.npm,type=volume",
    "source=pbl4-venv-cache,target=/home/ubuntu/.venv,type=volume",
    "source=${localWorkspaceFolder}/.devcontainer/workspace_tmp,target=/workspace_host,type=bind"
  ]
}
